Ref,Category,Qty,Description,Size / spec,Length,Used in,Notes,Configuration
P1,Printed part,1,Rear tube plate,PETG or ASA; Ø253.4 × 21.5 mm,,tube end,"5 walls, 40% gyroid, 0.2 mm layers, no supports; footprint 223 × 222.2 mm; solid volume 155.4 cm³","8"" × 32 mm mirror, 254 mm (10"") ID tube, clips, 80 mm fan, 3 × 1/4-20 push-pull pairs"
P2,Printed part,1,Mirror plate,PETG or ASA; 226.7 mm across posts × 48.8 mm tall,,carries the mirror,"5 walls, 40% gyroid, 0.2 mm layers, no supports; footprint 197.4 × 197.4 mm; solid volume 127.7 cm³","8"" × 32 mm mirror, 254 mm (10"") ID tube, clips, 80 mm fan, 3 × 1/4-20 push-pull pairs"
P3,Printed part,3,Mirror clip,PETG or ASA; 14.8 × 16 × 3 mm,,clip posts,"5 walls, 40% gyroid, 0.2 mm layers, no supports; footprint 14.8 × 16 mm; solid volume 0.7 cm³","8"" × 32 mm mirror, 254 mm (10"") ID tube, clips, 80 mm fan, 3 × 1/4-20 push-pull pairs"
S1,Screw,3,Socket head cap screw (pull / adjust),1/4-20,"1-1/4""",rear plate → mirror plate pad inserts,a thumbscrew or knob of the same length also works; lock at ≈ 0.13 N·m,"8"" × 32 mm mirror, 254 mm (10"") ID tube, clips, 80 mm fan, 3 × 1/4-20 push-pull pairs"
S2,Screw,3,Socket head cap screw (push / lock),1/4-20,"1-1/4""",rear-plate push bosses,fully threaded; lock at ≈ 0.13 N·m,"8"" × 32 mm mirror, 254 mm (10"") ID tube, clips, 80 mm fan, 3 × 1/4-20 push-pull pairs"
S3,Screw,3,Button head socket cap screw (tube attachment),1/4-20,"1/2""",through tube wall into skirt,sized for a 3.18 mm tube wall,"8"" × 32 mm mirror, 254 mm (10"") ID tube, clips, 80 mm fan, 3 × 1/4-20 push-pull pairs"
S4,Screw,3,Socket head cap screw (clips),#6-32,"3/8""",clips → clip posts,,"8"" × 32 mm mirror, 254 mm (10"") ID tube, clips, 80 mm fan, 3 × 1/4-20 push-pull pairs"
S5,Screw,4,"Thread-forming screw for plastics, pan head (fan mount)",#6,"1-1/2""",fan → rear plate pilot holes,e.g. Hi-Lo or 48° plastic-forming thread; Ø2.8 mm pilot holes; don't overtighten,"8"" × 32 mm mirror, 254 mm (10"") ID tube, clips, 80 mm fan, 3 × 1/4-20 push-pull pairs"
N1,Nut / washer,3,Hex jam nut,1/4-20,,push bolts,"7/16"" across flats","8"" × 32 mm mirror, 254 mm (10"") ID tube, clips, 80 mm fan, 3 × 1/4-20 push-pull pairs"
N2,Nut / washer,3,"Flat washer, SAE",1/4-20,,under pull-bolt heads,Ø15.9 mm OD,"8"" × 32 mm mirror, 254 mm (10"") ID tube, clips, 80 mm fan, 3 × 1/4-20 push-pull pairs"
N3,Nut / washer,3,Steel flat washer (wear pad for the push-bolt tip),"#10 SAE (≈ Ø12.7 OD, Ø5.6 hole, 1.2 thick)",,cemented to the mirror plate rear face at the Ø1 marks,hole must be smaller than the Ø6.4 bolt tip; epoxy or CA,"8"" × 32 mm mirror, 254 mm (10"") ID tube, clips, 80 mm fan, 3 × 1/4-20 push-pull pairs"
I1,Heat-set insert,9,"Brass heat-set insert (tapered, for plastics)","1/4-20, 8 mm long, for Ø7.6 mm hole",,"rear plate, push bosses; mirror plate, pad columns; rear-plate spoke tips (radial)",install from rear face; install from outside,"8"" × 32 mm mirror, 254 mm (10"") ID tube, clips, 80 mm fan, 3 × 1/4-20 push-pull pairs"
I2,Heat-set insert,3,"Brass heat-set insert (tapered, for plastics)","#6-32, 4.8 mm long, for Ø4 mm hole",,clip posts,install from top of post,"8"" × 32 mm mirror, 254 mm (10"") ID tube, clips, 80 mm fan, 3 × 1/4-20 push-pull pairs"
F1,Fan,1,80 mm 12 V DC fan,"8025 (80 × 80 × 25 mm), 71.5 mm hole spacing",,rear face of rear plate,blows into the tube; 12 V supply and lead not included,"8"" × 32 mm mirror, 254 mm (10"") ID tube, clips, 80 mm fan, 3 × 1/4-20 push-pull pairs"
C1,Consumable,1,Filament,PETG or ASA,,all printed parts,PLA not recommended (creeps under bolt load),"8"" × 32 mm mirror, 254 mm (10"") ID tube, clips, 80 mm fan, 3 × 1/4-20 push-pull pairs"
T1,Tool,1,Hex key,"3/16""",,1/4-20 socket heads,,"8"" × 32 mm mirror, 254 mm (10"") ID tube, clips, 80 mm fan, 3 × 1/4-20 push-pull pairs"
T2,Tool,1,Hex key,"5/32""",,1/4-20 button heads,,"8"" × 32 mm mirror, 254 mm (10"") ID tube, clips, 80 mm fan, 3 × 1/4-20 push-pull pairs"
T3,Tool,1,Hex key,"7/64""",,#6-32 clip screws,,"8"" × 32 mm mirror, 254 mm (10"") ID tube, clips, 80 mm fan, 3 × 1/4-20 push-pull pairs"
T4,Tool,1,Wrench,"7/16""",,push-bolt jam nuts,,"8"" × 32 mm mirror, 254 mm (10"") ID tube, clips, 80 mm fan, 3 × 1/4-20 push-pull pairs"
T5,Tool,1,Screwdriver,Phillips #2,,#6 fan screws,,"8"" × 32 mm mirror, 254 mm (10"") ID tube, clips, 80 mm fan, 3 × 1/4-20 push-pull pairs"
T6,Tool,1,Drill bit,"17/64"" (6.7 mm)",,3 tube-wall holes for 1/4-20,positions are in the hole schedule (C),"8"" × 32 mm mirror, 254 mm (10"") ID tube, clips, 80 mm fan, 3 × 1/4-20 push-pull pairs"
T7,Tool,1,Soldering iron with heat-set insert tips,"1/4-20, #6-32",,installing inserts,or a dedicated insert press,"8"" × 32 mm mirror, 254 mm (10"") ID tube, clips, 80 mm fan, 3 × 1/4-20 push-pull pairs"
